surface_m2,rooms,age_years,distance_km,energy_score,price_eur
84,3,52,14.9,94,209850
152,6,52,11.2,42,448935
135,5,36,9.9,56,407857
170,6,43,1.8,73,614580
78,3,29,1.0,92,317988
82,3,31,3.1,69,266706
149,6,56,6.8,43,529918
134,6,26,5.5,51,499003
57,2,55,4.1,57,200063
164,7,71,6.4,83,576669
146,5,62,4.2,59,485799
81,3,29,10.9,69,270008
50,1,19,11.1,81,200474
170,6,8,12.2,37,574530
56,3,33,9.5,63,216135
146,5,54,16.4,79,430497
163,7,28,17.0,94,557761
146,5,44,14.2,47,423039
102,3,6,11.3,33,316656
137,5,42,15.9,97,494477
74,3,38,8.5,62,265640
71,3,19,15.1,66,232785
163,6,31,8.6,37,563658
124,5,21,15.1,71,379714
88,3,9,9.5,64,318269
160,6,16,8.8,39,544276
86,4,21,14.6,61,259226
157,6,10,8.3,46,524335
118,5,57,15.7,70,350887
161,6,70,6.1,70,508759
60,3,70,3.4,52,209479
32,1,61,13.6,79,55313
80,4,32,8.2,60,333093
59,2,42,1.8,96,219623
109,4,45,1.0,51,413656
176,7,53,0.8,49,623861
31,2,29,9.6,43,98276
77,4,3,2.5,95,336665
104,5,21,16.7,84,365876
134,5,15,13.8,74,443476
50,2,18,13.9,84,176908
104,3,74,13.0,60,281302
118,5,7,0.6,70,475125
157,5,53,15.7,97,477276
167,6,10,11.5,96,566340
97,3,9,15.5,57,348120
65,3,37,14.9,79,220051
91,4,17,13.1,84,305075
37,2,51,6.2,47,136193
62,3,9,8.4,39,235789
160,7,22,6.7,86,603783
144,5,19,5.2,43,533147
177,7,45,7.9,57,635795
88,3,48,5.0,78,342751
43,1,51,15.4,77,107026
30,1,75,9.0,66,112317
65,3,33,0.9,46,253017
126,5,37,6.8,85,426732
89,4,49,15.5,37,244117
127,4,46,9.7,64,466094
82,3,60,6.6,71,283733
116,5,50,3.6,90,410586
176,7,56,7.1,95,595780
107,4,31,5.4,43,361661
154,7,39,3.2,92,559503
166,6,70,0.6,66,601158
178,6,10,14.0,97,614627
45,2,48,10.2,77,106698
128,5,57,7.7,73,407041
161,7,33,3.1,46,597713
42,1,71,6.2,56,135329
51,2,1,16.9,38,168813
175,6,49,14.0,58,562417
42,1,12,12.0,63,153519
70,2,68,2.5,91,262526
104,4,39,1.4,67,367128
42,1,5,9.4,55,147026
119,5,74,10.7,44,368593
34,2,25,11.3,63,98791
90,4,24,6.8,83,387826
166,7,73,17.3,77,489405
71,3,44,13.3,50,207252
153,6,47,17.0,88,500649
178,6,17,14.2,96,599672
100,4,39,13.1,74,362873
120,5,37,3.1,79,395861
156,6,39,8.0,73,520645
47,1,30,11.3,88,148007
33,2,31,3.3,79,171042
121,5,37,17.0,90,381616
49,2,26,15.4,78,116992
120,4,11,2.0,40,391668
72,2,38,11.7,53,225237
77,2,8,0.5,39,301834
32,1,0,8.4,94,154876
114,4,40,8.6,47,375460
176,7,41,7.3,66,625565
79,2,69,13.5,77,203067
145,5,62,1.9,43,532764
77,3,45,15.8,58,275262
148,6,54,11.9,54,507263
157,6,28,3.0,40,564518
130,5,74,5.6,64,476573
93,3,52,9.2,35,287130
121,4,65,12.9,45,370999
165,6,76,10.2,75,491801
82,3,10,15.1,90,314159
44,2,26,5.9,64,140950
33,1,48,5.4,83,100139
180,7,57,13.6,41,529754
101,4,47,13.1,46,260165
173,6,10,10.5,89,629283
