income_k_eur,debt_ratio_pct,credit_score,late_payments,defaulted
72,12,690,0,0
28,62,510,3,1
77,19,699,1,0
35,73,523,4,1
82,26,708,0,0
42,84,536,5,1
87,33,717,1,0
28,70,549,6,1
92,18,726,0,0
35,81,562,3,1
97,25,735,1,0
42,67,575,4,1
102,32,744,0,0
28,78,588,5,1
74,17,753,1,0
35,64,521,6,1
79,24,762,0,0
42,75,534,3,1
84,31,771,1,0
28,86,547,4,1
89,16,780,0,0
35,72,560,5,1
94,23,694,1,0
42,83,573,6,1
99,30,703,0,0
28,69,586,3,1
104,15,712,1,0
35,80,519,4,1
76,22,721,0,0
42,66,532,5,1
81,29,730,1,0
28,77,545,6,1
86,14,739,0,0
35,63,558,3,1
91,21,748,1,0
42,74,571,4,1
96,28,757,0,0
28,85,584,5,1
101,13,766,1,0
35,71,517,6,1
73,20,775,0,0
42,82,530,3,1
78,27,784,1,0
28,68,543,4,1
83,12,698,0,0
35,79,556,5,1
88,19,707,1,0
42,65,569,6,1
93,26,716,0,0
28,76,582,3,1
98,33,725,1,0
35,62,515,4,1
103,18,734,0,0
42,73,528,5,1
75,25,743,1,0
28,84,541,6,1
80,32,752,0,0
35,70,554,3,1
85,17,761,1,0
42,81,567,4,1
90,24,770,0,0
28,67,580,5,1
95,31,779,1,0
35,78,513,6,1
100,16,693,0,0
42,64,526,3,1
72,23,702,1,0
28,75,539,4,1
77,30,711,0,0
35,86,552,5,1
82,15,720,1,0
42,72,565,6,1
87,22,729,0,0
28,83,578,3,1
92,29,738,1,0
35,69,511,4,1
97,14,747,0,0
42,80,524,5,1
102,21,756,1,0
28,66,537,6,1
74,28,765,0,0
35,77,550,3,1
79,13,774,1,0
42,63,563,4,1
84,20,783,0,0
28,74,576,5,1
89,27,697,1,0
35,85,589,6,1
94,12,706,0,0
42,71,522,3,1
99,19,715,1,0
28,82,535,4,1
104,26,724,0,0
35,68,548,5,1
76,33,733,1,0
42,79,561,6,1
81,18,742,0,0
28,65,574,3,1
86,25,751,1,0
35,76,587,4,1
91,32,760,0,0
42,62,520,5,1
96,17,769,1,0
28,73,533,6,1
101,24,778,0,0
35,84,546,3,1
73,31,692,1,0
42,70,559,4,1
78,16,701,0,0
28,81,572,5,1
83,23,710,1,0
35,67,585,6,1
88,30,719,0,0
42,78,518,3,1
93,15,728,1,0
28,64,531,4,1
98,22,737,0,0
35,75,544,5,1
103,29,746,1,0
42,86,557,6,1
75,14,755,0,0
28,72,570,3,1
80,21,764,1,0
35,83,583,4,1
85,28,773,0,0
42,69,516,5,1
90,13,782,1,0
28,80,529,6,1
95,20,696,0,0
35,66,542,3,1
100,27,705,1,0
42,77,555,4,1
72,12,714,0,0
28,63,568,5,1
77,19,723,1,0
35,74,581,6,1
82,26,732,0,0
42,85,514,3,1
87,33,741,1,0
28,71,527,4,1
92,18,750,0,0
35,82,540,5,1
97,25,759,1,0
42,68,553,6,1
102,32,768,0,0
28,79,566,3,1
74,17,777,1,0
35,65,579,4,1
79,24,691,0,0
42,76,512,5,1
