income_k_eur,debt_ratio_pct,credit_score,late_payments,utilization_pct,employment_years,defaulted
37.27,47.22,753,1,53.22,0,1
56.10,25.47,710,0,25.08,4,0
48.92,50.20,700,1,38.20,5,0
45.94,53.57,742,1,52.77,12,1
63.16,42.36,660,2,30.09,3,0
21.42,55.78,654,2,65.06,3,1
56.15,46.82,700,0,25.02,10,1
61.09,13.42,622,0,38.90,7,0
25.83,28.26,693,0,47.68,0,0
53.10,35.29,627,0,16.45,2,0
26.18,45.32,632,3,3.00,3,0
52.39,36.15,694,0,66.67,6,1
26.81,38.32,693,1,47.55,4,1
38.28,43.70,639,2,9.81,3,1
48.38,44.59,677,1,48.25,10,1
50.77,16.98,802,0,33.12,6,0
56.06,36.86,648,1,35.34,11,1
39.22,41.62,648,1,11.41,1,1
104.01,65.17,721,1,54.59,6,1
47.52,9.54,758,0,3.00,8,0
59.19,31.58,725,1,10.58,13,0
23.24,49.87,678,1,47.18,0,1
64.01,17.70,722,0,7.92,6,0
58.76,13.37,715,0,38.48,7,0
54.03,63.20,656,1,80.10,1,0
81.28,24.07,787,0,43.99,3,0
65.02,30.77,731,0,35.56,9,0
34.64,42.97,690,2,15.79,2,1
54.99,50.69,619,3,3.00,12,0
69.23,6.34,689,0,18.40,7,0
54.56,40.12,708,1,81.85,3,0
82.30,29.54,759,0,67.31,4,0
28.17,36.46,656,1,45.28,2,0
47.00,40.98,659,0,63.87,5,1
70.29,39.80,668,0,43.68,12,0
68.16,36.95,702,0,55.49,12,0
35.41,45.36,782,0,27.07,8,0
76.05,42.52,642,1,32.06,4,0
88.00,32.79,755,0,53.83,6,0
25.72,41.45,678,0,3.36,0,0
55.67,58.86,624,0,76.79,6,1
42.09,57.91,607,2,32.19,4,1
58.25,49.99,627,2,45.85,2,1
61.47,36.82,743,0,32.76,1,0
61.07,32.44,649,1,37.94,6,1
37.07,44.32,637,1,25.33,1,1
39.07,28.87,725,0,43.71,11,0
91.13,8.16,722,0,14.07,7,0
28.89,43.22,646,2,33.88,5,0
50.81,35.28,660,0,10.06,0,0
38.78,31.59,633,2,47.85,4,1
40.47,37.84,691,0,82.02,7,0
78.23,40.53,695,0,68.30,3,0
67.08,8.67,733,0,3.00,6,0
51.48,44.75,682,2,66.81,2,1
70.05,43.89,741,0,53.30,12,0
70.56,53.27,680,1,37.32,15,1
33.41,42.79,687,1,45.52,10,0
87.12,24.69,743,0,47.54,3,0
51.38,38.27,588,1,61.45,11,1
66.31,45.20,763,1,28.16,3,0
58.68,42.85,695,1,38.85,8,0
32.51,60.90,713,1,56.06,2,1
82.17,22.32,735,0,61.73,7,0
38.33,42.39,614,1,38.66,0,1
47.06,38.97,586,2,37.01,7,1
32.84,26.60,709,0,74.77,3,0
73.86,13.96,777,0,56.24,12,0
86.14,28.64,708,0,28.59,9,0
48.64,18.85,694,0,3.00,9,0
35.12,35.67,659,1,49.95,8,0
40.25,22.56,723,0,57.34,0,0
42.61,49.42,672,1,34.11,2,0
42.62,28.83,672,0,3.00,8,0
37.15,17.41,729,0,14.32,8,0
34.60,61.71,660,2,37.61,3,1
60.14,45.27,675,1,53.53,7,0
92.77,30.62,730,0,33.74,12,0
90.23,32.43,692,2,37.02,9,0
18.00,56.72,614,2,59.63,0,1
18.00,77.85,605,4,67.43,0,1
77.92,43.30,674,0,50.91,13,1
70.00,16.37,752,0,12.82,7,0
54.44,58.43,654,1,67.67,2,1
62.62,58.24,643,2,36.46,6,1
57.86,36.55,653,0,17.39,7,1
66.02,38.49,669,3,29.82,7,0
59.43,29.31,642,0,51.51,12,0
45.91,55.29,620,2,61.26,7,1
50.91,20.45,747,0,25.30,6,0
72.82,21.91,765,0,13.92,4,0
60.05,34.61,729,0,49.04,10,0
70.32,56.10,630,2,18.28,9,1
37.63,68.59,647,3,68.71,0,0
47.68,39.51,642,0,44.40,3,0
22.84,42.63,677,1,24.90,3,0
64.74,60.40,642,2,44.40,7,1
70.24,21.10,693,0,37.08,6,0
58.58,54.33,727,2,58.17,13,0
46.45,38.03,711,0,58.01,2,0
90.13,37.73,644,1,3.00,2,0
41.31,57.87,721,3,68.72,10,0
73.89,23.78,704,1,3.00,5,0
53.40,52.51,653,2,46.30,8,1
39.78,9.87,783,0,5.54,2,0
63.26,35.63,670,0,46.10,7,1
62.05,30.96,731,0,43.15,9,0
53.49,22.73,665,1,73.66,6,1
67.66,58.16,716,1,73.66,11,0
52.19,58.88,659,2,63.38,1,1
67.33,25.70,684,0,45.67,6,1
73.71,35.66,766,1,31.91,7,1
58.41,15.76,691,0,3.99,10,0
48.94,15.12,701,0,22.78,7,0
89.14,10.88,783,0,11.08,9,0
53.31,40.96,641,0,43.27,1,1
49.08,48.58,684,1,61.61,12,1
50.80,28.44,714,0,3.00,0,0
81.50,38.61,611,2,19.69,0,1
83.59,36.45,613,1,48.66,2,0
37.18,42.52,685,0,26.68,0,0
40.10,69.64,694,3,69.22,0,1
21.54,59.12,544,3,55.28,1,1
85.20,15.66,734,0,3.00,18,0
89.35,11.52,772,0,3.00,3,0
37.59,40.42,646,2,52.21,0,1
70.90,41.98,728,0,39.92,8,0
70.99,29.60,701,1,28.51,6,0
63.15,48.84,644,2,46.87,1,0
77.87,46.42,779,1,50.06,8,0
60.09,22.72,708,0,30.15,0,0
47.02,13.98,682,0,3.75,2,1
53.15,5.00,776,0,69.97,6,0
36.11,39.01,753,0,29.07,10,0
42.07,41.97,731,0,52.22,6,0
55.21,58.84,620,1,35.46,10,1
42.44,32.54,678,1,7.77,6,0
76.14,22.08,652,1,17.48,15,0
49.16,46.62,721,1,47.79,1,1
71.29,32.26,637,1,20.35,5,0
43.63,44.05,652,1,44.09,0,1
43.23,20.79,769,0,3.00,13,0
89.61,36.18,724,0,59.56,7,1
24.85,51.17,676,0,34.52,3,0
50.65,13.52,755,0,24.15,9,0
53.39,51.23,692,1,28.58,3,0
68.88,7.85,716,0,8.67,4,0
18.00,16.40,713,0,37.62,5,0
69.41,29.39,795,0,78.99,7,0
65.83,58.20,688,1,21.40,1,1
67.74,35.35,696,0,43.03,9,0
53.07,35.08,651,0,79.21,0,1
62.81,33.89,686,2,60.84,14,0
52.46,9.07,763,0,22.29,6,0
32.64,56.32,663,1,59.83,6,1
67.96,20.19,685,0,9.13,7,0
45.59,38.73,684,2,69.72,6,0
41.50,45.76,695,1,8.77,13,0
92.95,47.96,728,1,31.00,9,0
80.73,14.41,739,0,15.10,6,0
84.35,55.79,609,2,16.27,16,1
70.50,36.46,739,0,3.00,5,0
44.12,57.70,671,1,25.70,0,0
18.00,34.79,712,1,48.88,4,0
58.32,24.77,709,1,49.04,7,0
59.80,31.58,779,0,60.55,5,0
23.86,43.84,650,1,59.62,9,1
56.66,41.72,689,0,68.93,5,0
54.42,41.21,610,1,26.36,6,0
48.57,53.44,633,2,36.66,6,1
26.53,49.25,574,2,51.10,4,0
63.30,15.73,703,0,32.83,5,0
90.53,46.72,616,1,55.88,14,0
63.48,15.47,669,1,3.00,10,0
68.72,33.10,677,1,45.45,12,0
18.00,39.59,712,1,58.65,5,0
67.18,47.24,631,2,51.28,8,1
80.79,33.62,618,1,27.29,8,1
74.90,17.88,756,0,23.84,5,0
54.09,56.88,618,1,54.10,0,0
51.76,44.96,665,1,3.00,0,0
40.95,19.05,739,0,46.16,0,0
61.54,33.95,637,1,64.23,3,0
52.32,19.58,666,0,21.25,8,0
44.28,39.47,701,0,7.54,3,1
38.54,56.34,680,1,23.57,6,0
46.29,40.12,667,1,62.20,8,0
54.56,42.62,617,1,4.75,9,1
80.86,27.48,746,0,35.49,14,0
85.55,9.62,756,0,3.00,13,0
79.64,46.10,698,0,19.48,3,0
65.00,31.15,625,1,83.18,1,1
38.12,33.55,635,3,45.23,11,1
65.40,53.57,664,1,62.71,6,0
38.69,28.30,702,0,57.18,1,0
57.55,25.66,635,0,53.23,3,1
55.27,52.84,617,1,78.20,4,1
18.00,70.90,621,1,51.93,2,0
58.36,83.31,640,4,75.41,2,1
80.60,43.73,694,0,23.39,4,0
71.45,41.50,738,0,46.50,6,0
48.22,72.14,640,1,47.58,3,1
60.04,13.40,751,0,51.73,6,0
50.09,48.23,679,1,32.71,0,1
47.73,52.01,703,2,73.49,5,1
25.55,5.00,638,0,24.49,3,1
64.64,45.36,611,2,21.41,0,1
60.26,53.90,585,1,6.44,9,0
109.37,42.93,633,1,6.84,9,0
49.01,51.40,742,0,72.16,10,0
33.33,45.59,613,1,31.09,7,0
72.78,32.20,706,0,55.97,5,0
42.74,13.55,817,0,61.02,7,0
69.74,36.33,661,2,28.67,10,0
72.04,20.43,786,0,10.61,8,0
59.06,8.25,699,2,3.00,0,0
77.19,25.03,725,0,28.98,8,0
80.45,39.19,660,2,58.95,11,0
57.66,41.16,666,1,47.84,6,1
57.88,32.18,747,0,27.14,6,0
63.12,64.83,661,1,90.14,13,1
69.10,10.99,773,0,63.79,1,0
43.27,75.69,633,4,79.23,9,1
76.85,21.94,707,1,40.48,6,0
78.97,29.00,638,1,29.24,13,0
40.53,61.82,636,1,53.62,0,1
60.16,47.80,651,2,69.71,9,1
41.16,12.89,762,0,31.15,4,0
68.57,9.70,687,0,19.21,7,0
46.24,61.40,614,3,33.71,8,1
18.41,19.80,674,0,61.17,2,1
56.54,51.71,781,1,50.69,2,0
20.27,55.95,662,2,58.67,1,1
47.47,53.36,596,4,43.13,11,0
29.66,30.97,616,0,60.62,4,0
44.75,44.55,669,2,28.70,0,0
73.18,58.28,677,1,73.04,11,1
41.56,61.08,707,0,25.00,11,0
74.81,21.74,780,0,74.53,8,0
49.73,46.55,636,2,70.10,3,1
55.41,16.29,780,0,12.76,7,0
51.37,30.68,702,0,40.58,5,0
24.12,39.09,702,0,42.41,8,0
46.84,17.07,737,0,9.01,0,0
63.71,40.37,533,2,22.91,3,1
40.03,37.66,658,0,5.69,6,0
49.16,6.26,741,0,17.43,8,1
57.96,6.65,715,1,23.09,9,0
79.86,55.13,618,2,39.00,6,0
18.00,7.96,692,1,3.00,4,1
41.75,49.02,659,1,87.70,6,0
60.58,27.83,719,0,3.00,13,0
35.90,49.19,689,1,16.66,5,0
78.38,40.62,653,1,20.17,10,0
60.42,20.62,708,0,3.00,5,0
76.61,20.88,657,1,5.66,11,0
27.39,58.34,619,3,58.45,4,1
27.70,48.23,689,1,54.48,0,0
44.83,36.93,656,0,44.51,17,0
68.14,56.62,707,1,70.23,2,1
32.54,35.57,724,0,24.41,0,1
61.24,42.13,715,0,44.68,4,0
47.77,18.93,662,0,3.00,6,1
96.53,44.33,749,1,47.42,11,1
52.16,56.17,576,3,42.98,3,0
59.50,59.88,640,3,55.88,8,1
41.96,6.43,611,1,22.15,5,0
50.37,28.80,747,0,31.31,8,0
62.12,38.12,702,0,38.89,0,0
47.06,40.46,620,2,29.40,0,0
72.05,56.33,654,1,48.18,10,0
77.22,55.31,691,1,18.29,4,0
80.32,40.79,660,2,74.12,2,1
48.65,48.35,683,2,11.69,15,1
79.59,5.92,769,0,59.70,12,0
35.88,12.63,689,0,40.17,16,0
60.66,33.82,623,2,72.19,3,0
60.51,63.16,741,2,61.93,5,1
80.19,25.74,765,0,63.14,3,0
97.62,27.58,708,0,3.00,8,0
81.03,17.32,736,0,18.40,12,0
63.15,41.29,661,1,28.03,8,0
54.64,60.52,716,1,30.26,5,0
26.44,5.00,697,0,38.96,0,1
59.78,56.71,670,1,73.81,1,1
61.91,34.12,659,0,55.60,6,0
30.08,32.57,637,1,21.73,0,0
80.20,5.00,702,0,3.00,9,0
78.95,7.64,735,0,27.43,14,0
59.28,47.79,674,1,55.95,11,0
36.41,5.92,726,0,10.37,6,0
60.94,36.79,665,1,32.11,13,0
78.07,58.82,659,0,66.12,12,1
77.41,46.37,633,1,63.07,6,1
68.78,14.71,709,0,21.99,0,1
59.35,54.99,768,0,59.90,1,1
69.06,42.35,660,2,58.87,16,0
54.44,37.27,688,0,40.49,8,1
30.02,65.78,667,1,12.03,6,0
32.02,37.57,720,1,74.30,7,0
62.45,9.10,724,0,3.00,0,0
27.18,42.09,636,1,5.15,0,0
110.72,38.93,766,0,29.75,6,0
52.45,32.10,680,0,3.00,7,0
85.70,54.63,698,1,45.35,9,0
48.29,48.74,604,1,19.63,8,1
51.49,45.70,677,1,52.09,6,0
68.97,44.37,711,2,57.00,6,1
67.26,27.86,643,0,32.89,3,0
67.03,45.18,717,1,32.61,7,0
74.30,59.05,636,3,71.03,0,0
72.68,18.44,714,0,6.65,3,0
71.95,38.07,718,1,42.08,14,0
43.40,58.23,550,5,62.04,6,1
36.61,14.94,684,0,59.37,6,0
46.74,29.52,779,1,21.47,6,0
50.29,57.32,664,2,54.82,7,1
55.50,28.68,636,1,34.75,3,0
60.69,17.99,712,0,24.57,9,0
61.94,46.87,751,0,53.08,0,0
70.15,12.10,731,0,3.00,7,0
82.83,48.39,709,0,58.02,10,0
71.75,34.10,664,0,57.68,3,0
65.01,37.59,677,0,3.00,8,0
45.92,54.28,702,1,16.09,0,0
34.82,64.45,701,1,48.31,1,1
48.32,55.22,651,0,56.25,11,0
49.24,46.05,669,0,77.83,7,0
82.33,29.39,702,0,9.06,11,0
68.52,64.24,684,2,39.88,16,1
52.17,56.02,647,3,36.02,0,1
36.08,15.96,663,0,29.55,1,0
52.51,26.54,676,1,31.36,8,0
81.46,51.57,734,1,82.42,6,1
64.88,63.38,685,0,49.57,8,0
71.94,5.00,725,0,18.97,2,0
60.07,32.62,743,0,3.00,8,0
82.50,14.89,771,0,22.85,6,0
61.24,57.94,675,1,39.06,4,0
59.76,55.00,677,1,39.01,7,1
80.32,5.18,699,0,17.96,4,0
65.17,46.92,648,1,67.34,8,1
18.00,33.41,724,0,67.39,0,0
63.01,50.97,594,2,31.06,10,1
62.79,17.39,733,0,12.18,0,0
18.00,29.27,674,1,42.90,0,1
65.45,24.20,702,0,34.10,8,0
49.94,30.77,661,1,53.87,2,1
52.69,48.28,674,2,73.15,1,1
60.92,74.84,594,3,76.34,10,0
18.00,87.04,587,3,62.54,1,1
43.08,48.59,686,1,50.42,7,0
37.51,5.00,729,1,13.80,3,0
54.42,41.01,660,2,68.35,6,1
80.25,25.47,667,0,37.83,0,0
52.22,54.07,673,0,51.40,8,1
50.22,25.71,706,0,18.98,8,0
51.63,33.52,657,0,9.15,8,1
78.44,40.32,674,1,84.04,12,1
40.83,75.12,629,3,61.36,0,0
51.30,46.71,624,1,43.14,3,1
69.07,33.10,784,0,47.76,11,0
34.07,33.04,564,0,36.05,4,0
61.39,20.72,658,0,20.93,9,0
47.98,44.34,681,0,15.56,7,0
54.72,48.31,622,1,42.07,11,0
42.01,59.92,654,2,45.74,1,0
61.43,74.59,612,4,64.00,0,1
69.84,39.48,777,0,48.94,7,0
76.60,5.00,762,0,3.13,0,0
57.05,39.18,672,1,48.77,7,1
57.17,27.31,712,0,13.51,5,1
35.14,27.16,748,0,46.18,12,0
33.96,45.18,655,2,50.32,5,1
54.92,18.57,719,1,25.06,0,0
47.39,48.96,586,2,49.27,0,1
48.66,40.43,670,0,71.01,7,0
66.10,13.49,672,0,3.00,3,0
37.26,38.83,705,1,27.32,8,0
56.37,27.14,698,1,40.21,6,0
81.75,11.11,769,0,71.18,9,0
47.85,16.73,680,0,51.87,4,0
62.27,35.95,690,0,43.47,5,0
70.85,51.14,683,2,14.61,4,0
80.39,33.65,671,1,46.80,7,1
78.13,46.11,741,0,26.78,17,0
50.49,31.89,684,0,38.06,7,1
46.64,47.80,667,1,72.24,7,0
62.86,50.93,567,3,63.79,8,1
43.36,5.00,668,0,35.70,6,1
49.90,29.42,707,0,48.69,4,0
73.60,10.84,624,0,3.00,8,0
44.61,50.66,685,2,33.89,10,0
38.09,49.53,656,2,46.14,0,1
56.78,28.70,766,0,20.70,11,0
33.54,48.52,667,1,62.47,5,0
31.00,63.42,594,1,51.99,8,0
44.00,12.70,670,1,46.01,10,0
53.34,34.93,623,1,80.26,1,1
58.89,37.47,696,1,30.45,8,0
72.68,27.22,775,0,3.00,2,0
52.41,22.68,667,1,21.03,5,0
39.49,64.53,602,2,50.61,4,1
39.16,43.36,612,3,34.87,1,1
44.03,54.51,734,1,45.04,5,0
34.18,72.98,650,2,72.09,9,1
65.53,5.00,778,0,34.01,8,0
54.85,28.19,694,1,39.40,7,1
31.81,62.03,673,1,36.75,7,1
33.09,35.55,659,0,54.95,12,1
60.35,25.35,668,1,43.12,2,0
79.53,24.73,842,0,44.85,10,0
61.68,28.75,656,0,53.49,9,0
65.26,25.78,715,0,45.60,6,0
36.16,49.09,543,2,46.31,3,1
71.11,22.67,803,0,38.90,14,0
26.27,42.78,642,0,49.93,0,1
62.64,32.41,655,0,3.00,11,0
60.33,21.89,664,0,33.18,6,0
75.21,18.47,695,0,36.19,10,0
49.08,29.05,693,1,32.10,7,0
30.42,12.57,740,0,33.27,0,0
50.92,18.61,691,0,34.63,6,0
35.11,59.14,677,2,95.29,5,1
33.95,26.41,684,1,20.23,14,0
54.03,37.21,645,2,60.53,9,0
40.65,52.98,688,2,28.74,5,0
21.60,24.20,673,0,25.92,0,0
18.00,46.03,641,2,33.06,6,0
66.24,41.97,616,0,47.64,5,1
18.00,7.53,687,1,44.37,3,0
52.57,60.64,687,1,87.70,6,1
59.60,34.72,640,1,39.87,8,0
41.91,37.61,641,1,16.07,0,1
35.57,61.44,587,3,36.90,11,1
57.21,5.00,705,0,7.39,6,0
48.00,39.28,747,0,43.68,2,0
54.10,29.32,690,1,14.76,8,0
60.57,63.88,657,2,65.10,4,1
52.03,38.32,689,1,38.61,7,0
78.17,30.11,626,1,69.02,4,1
72.10,68.44,752,1,73.02,10,1
68.09,35.92,718,1,26.55,16,0
18.00,73.09,648,2,98.88,4,1
59.99,12.10,674,1,55.81,8,0
31.47,58.98,577,2,72.54,0,1
53.38,51.71,619,1,19.91,2,0
23.15,57.35,606,1,72.79,4,0
18.00,12.35,660,0,34.21,3,1
79.25,23.67,633,0,26.66,6,0
42.84,22.38,742,0,35.82,8,0
56.84,29.93,714,0,24.13,5,0
51.67,71.38,621,3,35.84,4,1
75.29,32.69,673,1,81.66,7,0
75.84,44.87,688,1,60.06,4,1
77.96,53.77,736,0,28.05,13,0
85.74,5.00,790,0,19.41,0,0
69.12,21.79,779,0,38.20,21,0
53.86,58.04,649,2,60.73,3,1
71.01,21.46,637,0,73.52,2,1
59.77,37.81,672,0,26.14,6,0
59.44,21.47,700,0,29.75,3,0
62.55,16.65,695,0,17.86,12,0
54.78,35.10,729,1,28.65,6,1
52.85,46.65,656,1,50.29,1,1
50.44,43.22,660,1,84.16,7,0
26.88,26.02,656,1,28.04,9,1
44.02,38.37,716,1,48.63,7,0
45.05,23.24,685,0,40.57,0,0
70.59,36.09,665,0,59.90,9,1
69.18,5.00,738,0,3.00,6,0
51.43,18.98,662,0,53.09,6,0
78.73,59.57,693,1,29.73,10,0
54.33,33.82,665,0,32.95,4,0
53.26,24.23,679,0,39.80,6,0
70.69,40.28,638,1,39.43,11,0
57.49,27.52,655,0,26.85,0,0
68.45,37.74,657,0,55.23,4,1
68.51,17.23,765,0,75.68,5,0
54.58,43.30,780,1,67.18,4,1
